"1","(株)ＦＢＳ","2010-05-14 19:38:23","system    ","2010-05-14 19:38:23","system    ","a"
"2","(株)ｐｒｏｇｒｅｓｓ","2010-05-14 19:38:23","system    ","2010-05-14 19:38:23","system    ","a"
"3","(株)Ｒスタッフサービス","2010-05-14 19:38:23","system    ","2010-05-14 19:38:23","system    ","a"
"4","(株)Style Agent (スタイルエージェント)","2010-05-14 19:38:23","system    ","2010-05-14 19:38:23","system    ","a"
"5","(株)アカシヤ","2010-05-14 19:38:23","system    ","2010-05-14 19:38:23","system    ","a"
"6","(株)イズ・ファーム","2010-05-14 19:38:23","system    ","2010-05-14 19:38:23","system    ","a"
"7","(株)ウェルダン","2010-05-14 19:38:23","system    ","2010-05-14 19:38:23","system    ","a"
"8","(株)うすい百貨店","2010-05-14 19:38:23","system    ","2010-05-14 19:38:23","system    ","a"
"9","(株)エトアールマルゼン","2010-05-14 19:38:23","system    ","2010-05-14 19:38:23","system    ","a"
"10","(株)クエール","2010-05-14 19:38:23","system    ","2010-05-14 19:38:23","system    ","a"
"11","(株)ゴールドラッシュ","2010-05-14 19:38:23","system    ","2010-05-14 19:38:23","system    ","a"
"12","(株)コレッツィオーネ","2010-05-14 19:38:23","system    ","2010-05-14 19:38:23","system    ","a"
"13","(株)ザ・ミンツ","2010-05-14 19:38:23","system    ","2010-05-14 19:38:23","system    ","a"
"14","(株)シグマスタッフ","2010-05-14 19:38:23","system    ","2010-05-14 19:38:23","system    ","a"
"15","(株)スタイルコミュニケーションズ","2010-05-14 19:38:23","system    ","2010-05-14 19:38:23","system    ","a"
"16","(株)たかだや","2010-05-14 19:38:23","system    ","2010-05-14 19:38:23","system    ","a"
"17","(株)タキコ－ポレ－ション","2010-05-14 19:38:23","system    ","2010-05-14 19:38:23","system    ","a"
"18","(株)だるまや","2010-05-14 19:38:23","system    ","2010-05-14 19:38:23","system    ","a"
"19","(株)Ｔ・Ｐ・Ｏ","2010-05-14 19:38:23","system    ","2012-12-06 13:17:30","system    ","a"
"20","(株)バズビー","2010-05-14 19:38:23","system    ","2010-05-14 19:38:23","system    ","a"
"21","(株)バルサ","2010-05-14 19:38:23","system    ","2010-05-14 19:38:23","system    ","a"
"22","(株)ビック","2010-05-14 19:38:23","system    ","2010-05-14 19:38:23","system    ","a"
"23","(株)フォルム","2010-05-14 19:38:23","system    ","2010-05-14 19:38:23","system    ","a"
"24","プラウリテール(株)","2010-05-14 19:38:23","system    ","2010-08-10 13:38:01","system    ","a"
"25","(株)ブルーク","2010-05-14 19:38:23","system    ","2010-05-14 19:38:23","system    ","a"
"26","(株)メローズ","2010-05-14 19:38:23","system    ","2010-05-14 19:38:23","system    ","a"
"27","(株)ラフィン","2010-05-14 19:38:23","system    ","2010-05-14 19:38:23","system    ","a"
"28","(株)リウボウインダストリー","2010-05-14 19:38:23","system    ","2010-05-14 19:38:23","system    ","a"
"29","(株)リブ","2010-05-14 19:38:23","system    ","2010-05-14 19:38:23","system    ","a"
"30","(株)リリィコーポレーション","2010-05-14 19:38:23","system    ","2010-05-14 19:38:23","system    ","a"
"31","(株)ワールドストアパートナーズ","2010-05-14 19:38:23","system    ","2010-05-14 19:38:23","system    ","a"
"32","(株)一畑百貨店","2010-05-14 19:38:23","system    ","2010-05-14 19:38:23","system    ","a"
"33","(株)岡島","2010-05-14 19:38:23","system    ","2010-05-14 19:38:23","system    ","a"
"34","(株)乙女屋","2010-05-14 19:38:23","system    ","2010-05-14 19:38:23","system    ","a"
"35","(株)橘百貨店","2010-05-14 19:38:23","system    ","2010-05-14 19:38:23","system    ","a"
"36","(株)山陽百貨店","2010-05-14 19:38:23","system    ","2010-05-14 19:38:23","system    ","a"
"37","(株)鐘札銅","2010-05-14 19:38:23","system    ","2010-05-14 19:38:23","system    ","a"
"38","(株)西田屋","2010-05-14 19:38:23","system    ","2010-05-14 19:38:23","system    ","a"
"39","(株)中三","2010-05-14 19:38:23","system    ","2010-05-14 19:38:23","system    ","a"
"40","(株)天満屋","2010-05-14 19:38:23","system    ","2010-05-14 19:38:23","system    ","a"
"41","(株)米子しんまち天満屋","2010-05-14 19:38:23","system    ","2010-05-14 19:38:23","system    ","a"
"42","(合資)三都屋","2010-05-14 19:38:23","system    ","2010-05-14 19:38:23","system    ","a"
"43","(有)ア.スタイリング.トリック","2010-05-14 19:38:23","system    ","2010-05-14 19:38:23","system    ","a"
"44","(有)アドバンス","2010-05-14 19:38:23","system    ","2010-05-14 19:38:23","system    ","a"
"45","(有)いせそう","2010-05-14 19:38:23","system    ","2010-05-14 19:38:23","system    ","a"
"46","(有)イルバーチョ　コーポレーション","2010-05-14 19:38:23","system    ","2010-05-14 19:38:23","system    ","a"
"47","(有)ヴィ・エス・オー・ピー","2010-05-14 19:38:23","system    ","2010-05-14 19:38:23","system    ","a"
"48","(有)エスビィティー","2010-05-14 19:38:23","system    ","2010-05-14 19:38:23","system    ","a"
"49","(有)オガハウス","2010-05-14 19:38:23","system    ","2010-05-14 19:38:23","system    ","a"
"50","(有)キャサリン","2010-05-14 19:38:23","system    ","2010-05-14 19:38:23","system    ","a"
"51","(有)クリエイティブＴ・Ｋ","2010-05-14 19:38:23","system    ","2010-05-14 19:38:23","system    ","a"
"52","(有)ケーズ・クラシック","2010-05-14 19:38:23","system    ","2010-05-14 19:38:23","system    ","a"
"53","(有)サンショー","2010-05-14 19:38:23","system    ","2010-05-14 19:38:23","system    ","a"
"54","(有)スリーエー","2010-05-14 19:38:23","system    ","2010-05-14 19:38:23","system    ","a"
"55","(有)ティーエヌコンペティション","2010-05-14 19:38:23","system    ","2010-05-14 19:38:23","system    ","a"
"56","(有)ティーエムカンパニー","2010-05-14 19:38:23","system    ","2010-05-14 19:38:23","system    ","a"
"57","(有)ディーズカンパニー","2010-05-14 19:38:23","system    ","2010-05-14 19:38:23","system    ","a"
"58","(有)ブティックオオカワ","2010-05-14 19:38:23","system    ","2010-05-14 19:38:23","system    ","a"
"59","(有)ブティックパステル","2010-05-14 19:38:23","system    ","2010-05-14 19:38:23","system    ","a"
"60","(有)ポニイ","2010-05-14 19:38:23","system    ","2010-05-14 19:38:23","system    ","a"
"61","(有)マテリアル","2010-05-14 19:38:23","system    ","2010-05-14 19:38:23","system    ","a"
"62","(有)モードケイ","2010-05-14 19:38:23","system    ","2010-05-14 19:38:23","system    ","a"
"63","(有)ユナイテッドパッゾ","2010-05-14 19:38:23","system    ","2010-05-14 19:38:23","system    ","a"
"64","(有)リアン","2010-05-14 19:38:23","system    ","2010-05-14 19:38:23","system    ","a"
"65","(有)松本商品研究所","2010-05-14 19:38:23","system    ","2010-05-14 19:38:23","system    ","a"
"66","(有)鳥生商店","2010-05-14 19:38:23","system    ","2010-05-14 19:38:23","system    ","a"
"67","ウノアッジュント(株)","2010-05-14 19:38:23","system    ","2010-05-14 19:38:23","system    ","a"
"68","クリーム(有)","2010-05-14 19:38:23","system    ","2010-05-14 19:38:23","system    ","a"
"69","スターシステム(株)","2010-05-14 19:38:23","system    ","2010-05-14 19:38:23","system    ","a"
"70","ユミ・インターナショナル(株)","2010-05-14 19:38:23","system    ","2010-05-14 19:38:23","system    ","a"
"71","阿部　圭二","2010-05-14 19:38:23","system    ","2010-05-14 19:38:23","system    ","a"
"72","稲生　伸一","2010-05-14 19:38:23","system    ","2010-05-14 19:38:23","system    ","a"
"73","荻原　恵子","2010-05-14 19:38:23","system    ","2010-05-14 19:38:23","system    ","a"
"74","加藤保 (チームケー)","2010-05-14 19:38:23","system    ","2010-05-14 19:38:23","system    ","a"
"75","鬼塚　雄次","2010-05-14 19:38:23","system    ","2010-05-14 19:38:23","system    ","a"
"76","坂井睦博 (ニュースポイント)","2010-05-14 19:38:23","system    ","2010-05-14 19:38:23","system    ","a"
"77","山田　昌司　(One's Future)","2010-05-14 19:38:23","system    ","2010-05-14 19:38:23","system    ","a"
"78","篠原　ちか子","2010-05-14 19:38:23","system    ","2010-05-14 19:38:23","system    ","a"
"79","篠原　宏樹","2010-05-14 19:38:23","system    ","2010-05-14 19:38:23","system    ","a"
"80","小島　忠　(ピアー)","2010-05-14 19:38:23","system    ","2010-05-14 19:38:23","system    ","a"
"81","新田　貴央","2010-05-14 19:38:23","system    ","2010-05-14 19:38:23","system    ","a"
"82","石黒章人 (ＲＥＡＬ)","2010-05-14 19:38:23","system    ","2010-05-14 19:38:23","system    ","a"
"83","石﨑　雅也","2010-05-14 19:38:23","system    ","2010-05-14 19:38:23","system    ","a"
"84","先方社員","2010-05-14 19:38:23","system    ","2010-05-14 19:38:23","system    ","a"
"85","辰見　圭一","2010-05-14 19:38:23","system    ","2010-05-14 19:38:23","system    ","a"
"86","田中 一成","2010-05-14 19:38:23","system    ","2010-05-14 19:38:23","system    ","a"
"87","嶋田和夫 (S･トレーディング)","2010-05-14 19:38:23","system    ","2010-05-14 19:38:23","system    ","a"
"88","野嶋弘達 (インフィニット)","2010-05-14 19:38:23","system    ","2010-05-14 19:38:23","system    ","a"
"89","櫻庭　恭兵","2010-05-14 19:38:23","system    ","2010-05-14 19:38:23","system    ","a"
"90","齋藤　雄一","2010-05-14 19:38:23","system    ","2010-05-14 19:38:23","system    ","a"
"91","(株)ディンプル","2010-05-19 11:08:46","system    ","2010-05-19 11:08:46","system    ","a"
"92","(有)バズビー","2010-05-28 15:52:30","system    ","2010-05-28 15:52:30","system    ","a"
"93","(株)国分山形屋","2010-06-11 15:31:13","system    ","2010-06-11 15:31:13","system    ","a"
"94","(有)フェスタ","2010-06-11 15:31:13","system    ","2010-06-11 15:31:13","system    ","a"
"95","多中　昭弘","2010-06-17 11:27:21","system    ","2010-06-17 11:27:21","system    ","a"
"96","(有)まるいし","2010-06-17 11:27:21","system    ","2010-06-17 11:27:21","system    ","a"
"97","(有)W.K.GENERATION","2010-06-17 11:27:21","system    ","2010-06-17 11:27:21","system    ","a"
"98","(株)インテレクション","2010-06-17 11:27:21","system    ","2010-06-17 11:27:21","system    ","a"
"99","(有)ピエロ企画","2010-06-18 15:36:14","system    ","2010-06-18 15:36:14","system    ","a"
"100","(有)コールインターナショナル","2010-06-18 15:36:14","system    ","2010-06-18 15:36:14","system    ","a"
"101","相羽　洋昭","2010-06-22 13:30:07","system    ","2010-06-22 13:30:07","system    ","a"
"102","(株)ＥＳ","2010-06-28 16:07:48","system    ","2010-06-28 16:07:48","system    ","a"
"103","(株)ＩＴＳ’ＤＥＭＯ","2010-06-28 16:07:48","system    ","2010-06-28 16:07:48","system    ","a"
"104","(株)ウェルセルジャパン","2010-06-28 16:07:48","system    ","2010-06-28 16:07:48","system    ","a"
"105","(株)ヴュースリー","2010-06-28 16:07:48","system    ","2010-06-28 16:07:48","system    ","a"
"106","(株)オクノ","2010-06-28 16:07:48","system    ","2010-06-28 16:07:48","system    ","a"
"107","(株)キャッシーキャビン","2010-06-28 16:07:48","system    ","2010-06-28 16:07:48","system    ","a"
"108","(株)さいか屋","2010-06-28 16:07:48","system    ","2010-06-28 16:07:48","system    ","a"
"109","(株)シャンルル","2010-06-28 16:07:48","system    ","2010-06-28 16:07:48","system    ","a"
"110","(株)スズラン","2010-06-28 16:07:48","system    ","2010-06-28 16:07:48","system    ","a"
"111","(株)パルウォーク","2010-06-28 16:07:48","system    ","2010-06-28 16:07:48","system    ","a"
"112","(株)フィート","2010-06-28 16:07:48","system    ","2010-06-28 16:07:48","system    ","a"
"113","(株)フジスタッフ","2010-06-28 16:07:48","system    ","2010-06-28 16:07:48","system    ","a"
"114","(株)ヤマトヤシキ","2010-06-28 16:07:48","system    ","2010-06-28 16:07:48","system    ","a"
"115","(株)リサ・クリエイティブプロダクツ","2010-06-28 16:07:48","system    ","2010-06-28 16:07:48","system    ","a"
"116","(株)ルモンデグルメ","2010-06-28 16:07:48","system    ","2010-06-28 16:07:48","system    ","a"
"117","(株)ロン都","2010-06-28 16:07:48","system    ","2010-06-28 16:07:48","system    ","a"
"118","(株)井筒屋","2010-06-28 16:07:48","system    ","2010-06-28 16:07:48","system    ","a"
"119","(株)下関大丸","2010-06-28 16:07:48","system    ","2010-06-28 16:07:48","system    ","a"
"120","(株)丸広百貨店","2010-06-28 16:07:48","system    ","2010-06-28 16:07:48","system    ","a"
"121","(株)丸正","2010-06-28 16:07:48","system    ","2010-06-28 16:07:48","system    ","a"
"122","(株)橘百貨店(ＢＩＲＴＨ)","2010-06-28 16:07:48","system    ","2010-06-28 16:07:48","system    ","a"
"123","(株)京阪百貨店","2010-06-28 16:07:48","system    ","2010-06-28 16:07:48","system    ","a"
"124","(株)近鉄百貨店","2010-06-28 16:07:48","system    ","2010-06-28 16:07:48","system    ","a"
"125","(株)県民百貨店","2010-06-28 16:07:48","system    ","2010-06-28 16:07:48","system    ","a"
"126","(株)高知大丸","2010-06-28 16:07:48","system    ","2010-06-28 16:07:48","system    ","a"
"127","(株)三越伊勢丹","2010-06-28 16:07:48","system    ","2012-12-06 13:17:44","system    ","a"
"128","(株)山形屋","2010-06-28 16:07:48","system    ","2010-06-28 16:07:48","system    ","a"
"129","(株)山交百貨店","2010-06-28 16:07:48","system    ","2010-06-28 16:07:48","system    ","a"
"130","(株)山口井筒屋","2010-06-28 16:07:48","system    ","2010-06-28 16:07:48","system    ","a"
"131","(株)小田急百貨店","2010-06-28 16:07:48","system    ","2010-06-28 16:07:48","system    ","a"
"133","(株)西沢本店","2010-06-28 16:07:48","system    ","2010-06-28 16:07:48","system    ","a"
"134","(株)大丸松坂屋百貨店","2010-06-28 16:07:49","system    ","2012-12-06 13:17:58","system    ","a"
"135","(株)大沼","2010-06-28 16:07:49","system    ","2010-06-28 16:07:49","system    ","a"
"136","(株)大和","2010-06-28 16:07:49","system    ","2010-06-28 16:07:49","system    ","a"
"137","(株)中合","2010-06-28 16:07:49","system    ","2010-06-28 16:07:49","system    ","a"
"138","(株)鳥取大丸","2010-06-28 16:07:49","system    ","2010-06-28 16:07:49","system    ","a"
"139","(株)津松菱","2010-06-28 16:07:49","system    ","2010-06-28 16:07:49","system    ","a"
"140","(株)藤丸","2010-06-28 16:07:49","system    ","2010-06-28 16:07:49","system    ","a"
"141","(株)福田屋百貨店","2010-06-28 16:07:49","system    ","2010-06-28 16:07:49","system    ","a"
"142","(株)ほの国百貨店","2010-06-28 16:07:49","system    ","2010-06-28 16:07:49","system    ","a"
"143","(有)インパクト","2010-06-28 16:07:49","system    ","2010-06-28 16:07:49","system    ","a"
"144","(有)コンティニュー","2010-06-28 16:07:49","system    ","2010-06-28 16:07:49","system    ","a"
"145","(有)シルバー","2010-06-28 16:07:49","system    ","2010-06-28 16:07:49","system    ","a"
"146","(有)ティーカンパニー","2010-06-28 16:07:49","system    ","2010-06-28 16:07:49","system    ","a"
"147","(有)メーキング","2010-06-28 16:07:49","system    ","2010-06-28 16:07:49","system    ","a"
"148","(有)ワークアウトカンパニー","2010-06-28 16:07:49","system    ","2010-06-28 16:07:49","system    ","a"
"149","(株)さくら野百貨店","2010-06-28 16:07:49","system    ","2012-12-06 13:18:13","system    ","a"
"150","ティンカーベル(神田春夫)","2010-06-28 16:07:49","system    ","2010-06-28 16:07:49","system    ","a"
"151","ポーラ美術館ミュージアムショップ販売員","2010-06-28 16:07:49","system    ","2010-06-28 16:07:49","system    ","a"
"152","三彩商事(株)","2010-06-28 16:07:49","system    ","2010-06-28 16:07:49","system    ","a"
"153","南篠　義幸","2010-11-12 13:07:47","system    ","2010-11-12 13:07:47","system    ","a"
"154","(株)Ｓ・トレーディング","2010-12-07 20:58:52","system    ","2010-12-07 20:58:52","system    ","a"
"155","販売代行－契約終了－","2010-12-24 14:49:13","system    ","2010-12-24 14:49:13","system    ","a"
"156","(有)テン","2011-02-28 16:44:32","system    ","2011-02-28 16:44:32","system    ","a"
"157","(株)Ｄ－ＦＡＣＴＯＲＹ１９７９","2011-03-04 13:46:49","system    ","2011-03-04 13:46:49","system    ","a"
"158","(株)八木橋","2011-03-30 13:29:01","system    ","2011-03-30 13:29:01","system    ","a"
"159","(有)エスシーホームタウンハイファイ","2011-03-30 13:29:01","system    ","2011-03-30 13:29:01","system    ","a"
"160","(株)オストラル","2011-04-19 13:24:42","system    ","2011-04-19 13:24:42","system    ","a"
"161","(有)プレジャーズ","2011-05-23 14:17:04","system    ","2011-05-23 14:17:04","system    ","a"
"162","(株)オット","2011-07-11 13:31:19","system    ","2011-07-11 13:31:19","system    ","a"
"163","(株)マイジョブ21","2011-07-13 15:01:57","system    ","2011-07-13 15:01:57","system    ","a"
"164","(株)スウィート","2011-07-22 10:48:20","system    ","2011-07-22 10:48:20","system    ","a"
"165","(同)キープラスター","2011-08-25 08:36:16","system    ","2011-08-25 08:36:16","system    ","a"
"166","(株)金沢名鉄丸越百貨店","2011-08-31 18:08:09","system    ","2011-08-31 18:08:09","system    ","a"
"167","(有)マルス","2011-10-26 16:28:57","system    ","2011-10-26 16:28:57","system    ","a"
"168","(株)BRAINS.INC","2011-11-14 16:02:06","system    ","2011-11-14 16:02:06","system    ","a"
"169","(株)レイズインターナショナル","2012-02-01 14:48:32","system    ","2012-02-01 14:48:32","system    ","a"
"170","(株)かぐらや","2012-03-09 11:30:47","system    ","2012-03-09 11:30:47","system    ","a"
"171","(株)シンクグリーンプロデュース","2012-03-29 09:35:45","system    ","2012-03-29 09:35:45","system    ","a"
"172","ジェイコム（株）","2012-06-05 10:47:01","system    ","2012-06-05 10:47:01","system    ","a"
"173","(有)KOKOROインテグレート","2012-06-27 13:37:32","system    ","2012-06-27 13:37:32","system    ","a"
"174","(株)アングロマニア","2012-11-21 10:27:39","system    ","2012-11-21 10:27:39","system    ","a"
"175","松井　浩之","2013-03-29 14:42:00","system    ","2014-02-25 16:02:35","system    ","a"
"176","橋　洋人","2013-04-15 14:40:59","system    ","2013-04-15 14:40:59","system    ","a"
"177","(株)グレース","2013-04-16 16:41:52","system    ","2013-04-16 16:41:52","system    ","a"
"178","橋元　正人(MRC)","2013-06-05 15:53:57","system    ","2013-06-05 15:53:57","system    ","a"
"179","(株)フューチャーアンティーク","2014-02-06 14:45:19","system    ","2014-02-06 14:45:19","system    ","a"
"180","(株)イエロー","2014-02-06 14:45:31","system    ","2014-02-06 14:45:31","system    ","a"
"181","(株)フレアー","2014-03-07 17:39:48","system    ","2014-03-07 17:39:48","system    ","a"
"182","(株)札幌丸井三越","2014-03-31 17:45:01","system    ","2014-03-31 17:45:01","system    ","a"
"183","(株)松山三越","2014-03-31 17:45:35","system    ","2014-03-31 17:45:35","system    ","a"
"184","(株)名古屋三越","2014-03-31 17:46:04","system    ","2014-03-31 17:46:04","system    ","a"
"185","松井　明美","2014-03-31 17:46:36","system    ","2014-03-31 17:46:36","system    ","a"
"186","(株)ノンピ","2014-03-31 18:01:39","system    ","2014-03-31 18:01:39","system    ","a"
"187","(有)エヌイング","2014-08-29 09:59:36","system    ","2014-08-29 09:59:36","system    ","a"
"188","(株)ブティックガルボ","2015-02-23 18:11:01","system    ","2015-02-23 18:11:01","system    ","a"
"189","(有)Ｄ．Ｏ．Ｂ","2015-02-23 18:43:59","system    ","2015-02-23 18:43:59","system    ","a"
"190","(株)リンクル","2015-03-30 16:27:06","system    ","2015-03-30 16:27:06","system    ","a"
"191","(株)Ｓａｒａ","2015-03-30 16:27:30","system    ","2015-03-30 16:27:30","system    ","a"
"192","中房　徹","2015-04-17 16:03:00","system    ","2015-04-17 16:03:00","system    ","a"
"193","(有)Ｂｌｕｅ","2015-08-18 15:20:20","system    ","2015-08-18 15:20:20","system    ","a"
"194","(株)百塚衣料店","2016-01-18 14:14:05","system    ","2016-01-18 14:14:05","system    ","a"
"195","その他販売代行","2016-01-18 14:14:21","system    ","2016-01-18 14:14:21","system    ","a"
"196","(株)井上","2016-04-14 15:41:32","system    ","2016-04-14 15:41:32","system    ","a"
"197","(株)リアル","2016-06-08 11:38:12","system    ","2016-06-08 11:38:12","system    ","a"
"198","小川商事(株)","2016-07-29 15:28:57","system    ","2016-07-29 15:28:57","system    ","a"
"199","(株)ワイドラピッツ","2016-07-29 15:29:15","system    ","2016-07-29 15:29:15","system    ","a"
"200","(株)ＢＲＩＬＬＩＡＮＴ","2016-07-29 15:29:33","system    ","2016-07-29 15:29:33","system    ","a"
"201","(有)オウスクール","2016-11-07 13:10:40","system    ","2016-11-07 13:10:40","system    ","a"
"202","(有)すぎもと","2016-12-06 16:30:34","system    ","2016-12-06 16:30:34","system    ","a"
"203","(株)マルゼン洋装店","2017-01-05 10:53:25","system    ","2017-01-05 10:53:25","system    ","a"
"204","蜜沢　英明","2017-01-12 14:40:32","system    ","2017-01-12 14:40:32","system    ","a"
"205","オールスパイス(株)","2017-03-29 17:52:47","system    ","2017-03-29 17:52:47","system    ","a"
"206","(株)日谷組","2017-04-12 15:47:18","system    ","2017-04-12 15:47:18","system    ","a"
"207","Ｗｉｔｃｈ","2017-04-12 15:52:50","system    ","2017-04-12 15:52:50","system    ","a"
"208","(有)ヨシヤ","2017-06-01 15:33:19","system    ","2017-06-01 15:33:19","system    ","a"
"209","(株)湯浅","2017-07-11 09:41:01","system    ","2017-07-11 09:41:01","system    ","a"
"210","鈴木　春枝","2017-07-28 14:03:35","system    ","2017-07-28 14:03:35","system    ","a"
"211","(有)ヨシヤ","2017-07-28 14:06:50","system    ","2017-07-28 14:06:50","system    ","a"
"212","(株)ｸﾛｰﾊﾞｰ","2017-09-25 18:53:07","system    ","2017-09-25 18:53:07","system    ","a"
